{
	"folders": {},
	"connections": {
		"EE07FC09-5392-4060-FF76-A0699EBC3C31-184813ab7da-4e7f64e8e0feab29": {
			"provider": "generic",
			"driver": "EE07FC09-5392-4060-FF76-A0699EBC3C31",
			"name": "Farm",
			"save-password": true,
			"read-only": false,
			"configuration": {
				"database": "C:\\Users\\Emin\\Documents\\NetBeansProjects\\SmartFarm2.0\\Farm",
				"url": "jdbc:derby:C:\\Users\\Emin\\Documents\\NetBeansProjects\\SmartFarm2.0\\Farm",
				"type": "dev",
				"auth-model": "native",
				"bootstrap": {
					"autocommit": false
				}
			}
		},
		"derby-18485f4b347-7bf7a1f560c326c5": {
			"provider": "generic",
			"driver": "derby",
			"name": "inventory",
			"save-password": true,
			"read-only": false,
			"configuration": {
				"database": "C:\\Users\\Emin\\Documents\\Anush\\Inventory Control System\\inventory",
				"url": "jdbc:derby:C:\\Users\\Emin\\Documents\\Anush\\Inventory Control System\\inventory",
				"type": "dev",
				"auth-model": "native"
			}
		}
	},
	"virtual-models": {
		"EE07FC09-5392-4060-FF76-A0699EBC3C31-184813ab7da-4e7f64e8e0feab29": {
			"APP": {
				"@properties": {
					"erd.diagram.state": {
						"serialized": "\u003cdiagram version\u003d\"1\" name\u003d\"empty\" time\u003d\"202211171856\"\u003e\u003centities\u003e\u003cdata-source id\u003d\"EE07FC09-5392-4060-FF76-A0699EBC3C31-184813ab7da-4e7f64e8e0feab29\"\u003e\u003centity id\u003d\"1\" name\u003d\"BIRTHTABLE\" fq-name\u003d\"APP.BIRTHTABLE\" order\u003d\"0\" border-width\u003d\"3\" x\u003d\"217\" y\u003d\"56\"\u003e\u003cpath name\u003d\"APP\"/\u003e\u003c/entity\u003e\u003centity id\u003d\"2\" name\u003d\"COW\" fq-name\u003d\"APP.COW\" order\u003d\"1\" x\u003d\"374\" y\u003d\"54\"\u003e\u003cpath name\u003d\"APP\"/\u003e\u003c/entity\u003e\u003c/data-source\u003e\u003c/entities\u003e\u003crelations/\u003e\u003c/diagram\u003e"
					}
				}
			}
		}
	},
	"connection-types": {
		"dev": {
			"name": "Development",
			"color": "255,255,255",
			"description": "Regular development database",
			"auto-commit": true,
			"confirm-execute": false,
			"confirm-data-change": false,
			"auto-close-transactions": false
		}
	},
	"drivers": {
		"generic": {
			"EE07FC09-5392-4060-FF76-A0699EBC3C31": {
				"provider": "generic",
				"id": "EE07FC09-5392-4060-FF76-A0699EBC3C31",
				"name": "Derby Custom",
				"class": "org.apache.derby.jdbc.EmbeddedDriver",
				"url": "jdbc:derby:{folder}",
				"custom": true,
				"embedded": false,
				"anonymous": false,
				"allowsEmptyPassword": false,
				"instantiable": true,
				"libraries": {},
				"driver-parameters": {
					"read-only-data": "false",
					"supports-indexes": "true",
					"all-objects-pattern": "%",
					"quote-reserved-words": "true",
					"omit-schema": "false",
					"supports-table-constraints": "true",
					"schema-filters-enabled": "false",
					"supports-delimiter-in-views": "true",
					"supports-struct-cache": "true",
					"supports-truncate": "true",
					"read-only-meta-data": "false",
					"omit-type-cache": "false",
					"split-procedures-and-functions": "false",
					"supports-stored-code": "true",
					"supports-references": "true",
					"supports-multi-insert": "false",
					"omit-catalog-name": "false",
					"supports-catalog-selection": "true",
					"omit-single-catalog": "false",
					"ddl-drop-column-brackets": "false",
					"omit-single-schema": "false",
					"supports-scroll": "false",
					"omit-catalog": "false",
					"supports-views": "true",
					"script-delimiter": ";",
					"legacy-sql-dialect": "false",
					"script-delimiter-after-query": "false",
					"use-search-string-escape": "false",
					"supports-multiple-results": "false",
					"script-delimiter-after-block": "false",
					"supports-schema-selection": "true",
					"alter-table-add-column": "false",
					"ddl-drop-column-short": "false",
					"supports-limits": "true",
					"supports-select-count": "true"
				}
			}
		}
	}
}